
{
    "name": "Vishus Code",
    "type": "dark",
    "colors": {
        "editor.background": "#26292C",
        "editor.foreground": "#F8F8F2",
        "editor.lineHighlightBackground": "#353535",
        "editorWhitespace.foreground": "#707070",
        "editorIndentGuide.background": "#222222",
        "editor.findMatchHighlightForeground": "#FF8500",
        "editor.findMatchHighlightBackground": "#000000",
        "editorLineNumber.foreground": "#999999"
    },
    "tokenColors": [
        {
            "name": "Storage",
            "scope": [
                "storage.class.std",
                "storage.type.core",
                "support.constant.core",
                "support.type.marker"
            ],
            "settings": {
                "foreground": "#35FF00"
            }
        },
        {
            "name": "Raw Strings",
            "scope": [
                "string.quoted.double.raw"
            ],
            "settings": {
                "foreground": "#dafefd",
                "background": "#006597"
            }
        },
        {
            "name": "Variables",
            "scope": [
                "variable.language"
            ],
            "settings": {
                "foreground": "#FFA937"
            }
        },
        {
            "name": "Attributes",
            "scope": [
                "meta.attribute.rust"
            ],
            "settings": {
                "foreground": "#FF0700",
                "background": "#FF0700"
            }
        },
        {
            "name": "Modifiers",
            "scope": [
                "storage.modifier.visibility"
            ],
            "settings": {
                "foreground": "#FF0095"
            }
        },
        {
            "name": "Strings",
            "scope": [
                "string.quoted.double",
                "string.quoted.single"
            ],
            "settings": {
                "foreground": "#3fd6ff",
                "background": "#dafefd"
            }
        },
        {
            "name": "Constants",
            "scope": [
                "storage.modifier.const"
            ],
            "settings": {
                "foreground": "#fd6783"
            }
        },
        {
            "name": "Keywords",
            "scope": [
                "keyword.other",
                "keyword.other.fn",
                "keyword.other.where",
                "storage.modifier.mut"
            ],
            "settings": {
                "foreground": "#FF0095"
            }
        },
        {
            "name": "Parameters",
            "scope": [
                "meta.type_params"
            ],
            "settings": {
                "foreground": "#FF6F6B"
            }
        },

        {
            "name": "Comments",
            "scope": [
                "comment.block",
                "comment.line.double-slash"
            ],
            "settings": {
                "foreground": "#a39c8e"
            }
        },
        {
            "name": "Doc Comments",
            "scope": [
                "comment.line.documentation"
            ],
            "settings": {
                "foreground": "#00b4cf"
            }
        },
        {
            "name": "Boolean",
            "scope": [
                "constant.language.boolean"
            ],
            "settings": {
                "foreground": "#CD73FF"
            }
        },
        {
            "name": "Numbers",
            "scope": [
                "constant.numeric.float",
                "constant.numeric.integer.decimal"
            ],
            "settings": {
                "foreground": "#35FF00"
            }
        },

        {
            "name": "Function",
            "scope": [
                "entity.name.function"
            ],
            "settings": {
                "foreground": "#FFDB00"
            }
        },

        {
            "name": "Data Structures and Impl",
            "scope": [
                "entity.name.type"
            ],
            "settings": {
                "foreground": "#38F6FF"
            }
        },
        {
            "name": "Control Statements",
            "scope": [
                "keyword.control"
            ],
            "settings": {
                "foreground": "#99F200"
            }
        },
        {
            "name": "Operators",
            "scope": [
                "keyword.operator.arithmetic",
                "keyword.operator.assignment",
                "keyword.operator.comparison",
                "keyword.operator.misc",
                "keyword.operator.sigil",
                "storage.modifier.const"
            ],
            "settings": {
                "foreground": "#FD6783"
            }
        },
        
        {
            "name": "Function Std",
            "scope": [
                "support.function.std"
            ],
            "settings": {
                "foreground": "#FF8500"
            }
        },
        
        {
            "name": "Lifetimes",
            "scope": [
                "storage.modifier.lifetime",
                "entity.name.lifetime"
            ],
            "settings": {
                "foreground": "#FF3C37"
            }
        },
        {
            "name": "Struct Enum Keywords",
            "scope": [
                "storage.type"
            ],
            "settings": {
                "foreground": "#35FF00"
            }
        },
        {
            "name": "Macro Definition??? Not Sure",
            "scope": [
                "support.function.builtin"
            ],
            "settings": {
                "foreground": "#d08aff"
            }
        },
        {
            "name": "Functions",
            "scope": [
                "support.function.core"
            ],
            "settings": {
                "foreground": "#FF6F6B"
            }
        }
    ]
}


